Workbook

Sheet Inventory
A1: Product ID | B1: Product Name | C1: Category | D1: Supplier | E1: Unit Price | F1: Stock Qty | G1: Reorder Level | H1: Stock Value | I1: Status | J1: Last Updated
A2: P-1001 | B2: Wireless Mouse | C2: Accessories | D2: TechWorld | E2: 18 | F2: 42 | G2: 15 | H2: =E2*F2 -> 756 | I2: =IF(F2=0,"Out of Stock",IF(F2<=G2,"Low Stock","In Stock")) -> In Stock | J2: 46105
A3: P-1002 | B3: Mechanical Keyboard | C3: Accessories | D3: Prime Supplies | E3: 55 | F3: 18 | G3: 10 | H3: =E3*F3 -> 990 | I3: =IF(F3=0,"Out of Stock",IF(F3<=G3,"Low Stock","In Stock")) -> In Stock | J3: 46106
A4: P-1003 | B4: Laptop Stand | C4: Office | D4: OfficeHub | E4: 32 | F4: 7 | G4: 10 | H4: =E4*F4 -> 224 | I4: =IF(F4=0,"Out of Stock",IF(F4<=G4,"Low Stock","In Stock")) -> Low Stock | J4: 46107
A5: P-1004 | B5: USB-C Hub | C5: Electronics | D5: DigitalMart | E5: 28 | F5: 24 | G5: 12 | H5: =E5*F5 -> 672 | I5: =IF(F5=0,"Out of Stock",IF(F5<=G5,"Low Stock","In Stock")) -> In Stock | J5: 46108
A6: P-1005 | B6: Webcam HD | C6: Electronics | D6: TechWorld | E6: 45 | F6: 5 | G6: 8 | H6: =E6*F6 -> 225 | I6: =IF(F6=0,"Out of Stock",IF(F6<=G6,"Low Stock","In Stock")) -> Low Stock | J6: 46109
A7: P-1006 | B7: Office Chair | C7: Furniture | D7: OfficeHub | E7: 145 | F7: 14 | G7: 5 | H7: =E7*F7 -> 2030 | I7: =IF(F7=0,"Out of Stock",IF(F7<=G7,"Low Stock","In Stock")) -> In Stock | J7: 46110
A8: P-1007 | B8: Wi-Fi Router | C8: Networking | D8: Global Traders | E8: 62 | F8: 3 | G8: 6 | H8: =E8*F8 -> 186 | I8: =IF(F8=0,"Out of Stock",IF(F8<=G8,"Low Stock","In Stock")) -> Low Stock | J8: 46111
A9: P-1008 | B9: Desk Lamp | C9: Office | D9: OfficeHub | E9: 25 | F9: 31 | G9: 12 | H9: =E9*F9 -> 775 | I9: =IF(F9=0,"Out of Stock",IF(F9<=G9,"Low Stock","In Stock")) -> In Stock | J9: 46112
A10: P-1009 | B10: Bluetooth Speaker | C10: Electronics | D10: DigitalMart | E10: 39 | F10: 16 | G10: 8 | H10: =E10*F10 -> 624 | I10: =IF(F10=0,"Out of Stock",IF(F10<=G10,"Low Stock","In Stock")) -> In Stock | J10: 46113
A11: P-1010 | B11: External SSD 1TB | C11: Electronics | D11: Prime Supplies | E11: 88 | F11: 9 | G11: 6 | H11: =E11*F11 -> 792 | I11: =IF(F11=0,"Out of Stock",IF(F11<=G11,"Low Stock","In Stock")) -> In Stock | J11: 46114
A12: P-1011 | B12: Monitor 24-inch | C12: Electronics | D12: TechWorld | E12: 175 | F12: 6 | G12: 5 | H12: =E12*F12 -> 1050 | I12: =IF(F12=0,"Out of Stock",IF(F12<=G12,"Low Stock","In Stock")) -> In Stock | J12: 46115
A13: P-1012 | B13: Keyboard Wrist Rest | C13: Accessories | D13: Prime Supplies | E13: 14 | F13: 4 | G13: 8 | H13: =E13*F13 -> 56 | I13: =IF(F13=0,"Out of Stock",IF(F13<=G13,"Low Stock","In Stock")) -> Low Stock | J13: 46116
... A19: P-1018 | B19: Ethernet Cable | C19: Networking | D19: Global Traders | E19: 8 | F19: 62 | G19: 25 | H19: =E19*F19 -> 496 | I19: =IF(F19=0,"Out of Stock",IF(F19<=G19,"Low Stock","In Stock")) -> In Stock | J19: 46122

Sheet List

Sheet Dashboard
A1: INVENTORY MANAGEMENT DASHBOARD
A3: Total Products | B3: =COUNTA(Inventory!B2:B19) -> 18 | D3: Total Inventory Value | E3: =SUM(Inventory!H2:H19) -> 10604 | G3: Low Stock | H3: =COUNTIF(Inventory!I2:I19,"Low Stock") -> 4 | J3: Out of Stock | K3: =COUNTIF(Inventory!I2:I19,"Out of Stock") -> 1 | M3: In Stock | N3: =COUNTIF(Inventory!I2:I19,"In Stock") -> 13
A7: Category | B7: Products | C7: Stock Qty | D7: Inventory Value
A8: Electronics | B8: =COUNTIF(Inventory!C:C,A8) -> 5 | C8: =SUMIF(Inventory!C:C,A8,Inventory!F:F) -> 60 | D8: =SUMIF(Inventory!C:C,A8,Inventory!H:H) -> 3363
A9: Accessories | B9: =COUNTIF(Inventory!C:C,A9) -> 5 | C9: =SUMIF(Inventory!C:C,A9,Inventory!F:F) -> 157 | D9: =SUMIF(Inventory!C:C,A9,Inventory!H:H) -> 2715
A10: Office | B10: =COUNTIF(Inventory!C:C,A10) -> 3 | C10: =SUMIF(Inventory!C:C,A10,Inventory!F:F) -> 51 | D10: =SUMIF(Inventory!C:C,A10,Inventory!H:H) -> 1220
A11: Furniture | B11: =COUNTIF(Inventory!C:C,A11) -> 2 | C11: =SUMIF(Inventory!C:C,A11,Inventory!F:F) -> 14 | D11: =SUMIF(Inventory!C:C,A11,Inventory!H:H) -> 2030
A12: Networking | B12: =COUNTIF(Inventory!C:C,A12) -> 3 | C12: =SUMIF(Inventory!C:C,A12,Inventory!F:F) -> 92 | D12: =SUMIF(Inventory!C:C,A12,Inventory!H:H) -> 1276
