Workbook

Sheet Dashboard
B2: SALES PERFORMANCE DASHBOARD
B3: Business Intelligence • January – August 2026
B5: TOTAL REVENUE | E5: TOTAL ORDERS | H5: UNITS SOLD | K5: AVG. ORDER VALUE
B6: =SUM('Sales Data'!I:I) -> 77806 | E6: =COUNTA('Sales Data'!A:A)-1 -> 96 | H6: =SUM('Sales Data'!G:G) -> 284 | K6: =SUM('Sales Data'!I:I)/(COUNTA('Sales Data'!A:A)-1) -> 810.47917
B10: MONTHLY REVENUE | E10: REGIONAL SALES | H10: TOP PRODUCTS | K10: FILTER
B11: Month | C11: Revenue | E11: Region | F11: Revenue | H11: Product | I11: Revenue | K11: Region
B12: Jan | C12: =SUMPRODUCT((MONTH('Sales Data'!$B$2:$B$97)=1)*('Sales Data'!$I$2:$I$97)) -> 6443 | E12: North | F12: =SUMIF('Sales Data'!C:C,E12,'Sales Data'!I:I) -> 21286 | H12: ='Product Summary'!A2 -> Pro Laptop | I12: ='Product Summary'!D2 -> 29667 | K12: West
B13: Feb | C13: =SUMPRODUCT((MONTH('Sales Data'!$B$2:$B$97)=2)*('Sales Data'!$I$2:$I$97)) -> 9184 | E13: South | F13: =SUMIF('Sales Data'!C:C,E13,'Sales Data'!I:I) -> 16458 | H13: ='Product Summary'!A3 -> Wireless Headphones | I13: ='Product Summary'!D3 -> 5418 | K13: Use Sales Data sheet filters for detailed analysis.
B14: Mar | C14: =SUMPRODUCT((MONTH('Sales Data'!$B$2:$B$97)=3)*('Sales Data'!$I$2:$I$97)) -> 12830 | E14: East | F14: =SUMIF('Sales Data'!C:C,E14,'Sales Data'!I:I) -> 14362 | H14: ='Product Summary'!A4 -> Office Chair | I14: ='Product Summary'!D4 -> 6723
B15: Apr | C15: =SUMPRODUCT((MONTH('Sales Data'!$B$2:$B$97)=4)*('Sales Data'!$I$2:$I$97)) -> 9736 | E15: West | F15: =SUMIF('Sales Data'!C:C,E15,'Sales Data'!I:I) -> 25700 | H15: ='Product Summary'!A5 -> Smart Monitor | I15: ='Product Summary'!D5 -> 15463
B16: May | C16: =SUMPRODUCT((MONTH('Sales Data'!$B$2:$B$97)=5)*('Sales Data'!$I$2:$I$97)) -> 17709 | H16: ='Product Summary'!A6 -> Desk Lamp | I16: ='Product Summary'!D6 -> 2360
B17: Jun | C17: =SUMPRODUCT((MONTH('Sales Data'!$B$2:$B$97)=6)*('Sales Data'!$I$2:$I$97)) -> 5358 | H17: ='Product Summary'!A7 -> Mechanical Keyboard | I17: ='Product Summary'!D7 -> 3924
B18: Jul | C18: =SUMPRODUCT((MONTH('Sales Data'!$B$2:$B$97)=7)*('Sales Data'!$I$2:$I$97)) -> 12237 | H18: ='Product Summary'!A8 -> Standing Desk | I18: ='Product Summary'!D8 -> 11225
B19: Aug | C19: =SUMPRODUCT((MONTH('Sales Data'!$B$2:$B$97)=8)*('Sales Data'!$I$2:$I$97)) -> 4309 | H19: ='Product Summary'!A9 -> Webcam Pro | I19: ='Product Summary'!D9 -> 3026

Sheet Sales Data
A1: Order ID | B1: Date | C1: Region | D1: Salesperson | E1: Product | F1: Category | G1: Units | H1: Unit Price | I1: Revenue
A2: ORD-1001 | B2: 46046 | C2: East | D2: Bilal | E2: Wireless Headphones | F2: Electronics | G2: 1 | H2: 129 | I2: =G2*H2 -> 129
A3: ORD-1002 | B3: 46046 | C3: North | D3: Usman | E3: Smart Monitor | F3: Electronics | G3: 2 | H3: 329 | I3: =G3*H3 -> 658
A4: ORD-1003 | B4: 46036 | C4: North | D4: Ayesha | E4: Wireless Headphones | F4: Electronics | G4: 5 | H4: 129 | I4: =G4*H4 -> 645
A5: ORD-1004 | B5: 46030 | C5: North | D5: Usman | E5: Wireless Headphones | F5: Electronics | G5: 2 | H5: 129 | I5: =G5*H5 -> 258
A6: ORD-1005 | B6: 46036 | C6: South | D6: Sara | E6: Smart Monitor | F6: Electronics | G6: 5 | H6: 329 | I6: =G6*H6 -> 1645
A7: ORD-1006 | B7: 46047 | C7: South | D7: Sara | E7: Desk Lamp | F7: Office | G7: 1 | H7: 59 | I7: =G7*H7 -> 59
A8: ORD-1007 | B8: 46027 | C8: South | D8: Hamza | E8: Mechanical Keyboard | F8: Electronics | G8: 3 | H8: 109 | I8: =G8*H8 -> 327
A9: ORD-1008 | B9: 46035 | C9: North | D9: Hamza | E9: Wireless Headphones | F9: Electronics | G9: 1 | H9: 129 | I9: =G9*H9 -> 129
A10: ORD-1009 | B10: 46031 | C10: North | D10: Sara | E10: Mechanical Keyboard | F10: Electronics | G10: 5 | H10: 109 | I10: =G10*H10 -> 545
A11: ORD-1010 | B11: 46025 | C11: East | D11: Usman | E11: Wireless Headphones | F11: Electronics | G11: 4 | H11: 129 | I11: =G11*H11 -> 516
A12: ORD-1011 | B12: 46029 | C12: North | D12: Ayesha | E12: Mechanical Keyboard | F12: Electronics | G12: 5 | H12: 109 | I12: =G12*H12 -> 545
A13: ORD-1012 | B13: 46025 | C13: South | D13: Ayesha | E13: Smart Monitor | F13: Electronics | G13: 3 | H13: 329 | I13: =G13*H13 -> 987
... A97: ORD-1096 | B97: 46261 | C97: South | D97: Hamza | E97: Mechanical Keyboard | F97: Electronics | G97: 1 | H97: 109 | I97: =G97*H97 -> 109

Sheet Product Summary
A1: Product | B1: Category | C1: Units Sold | D1: Revenue
A2: Pro Laptop | B2: Electronics | C2: =SUMIF('Sales Data'!E:E,A2,'Sales Data'!G:G) -> 33 | D2: =SUMIF('Sales Data'!E:E,A2,'Sales Data'!I:I) -> 29667
A3: Wireless Headphones | B3: Electronics | C3: =SUMIF('Sales Data'!E:E,A3,'Sales Data'!G:G) -> 42 | D3: =SUMIF('Sales Data'!E:E,A3,'Sales Data'!I:I) -> 5418
A4: Office Chair | B4: Furniture | C4: =SUMIF('Sales Data'!E:E,A4,'Sales Data'!G:G) -> 27 | D4: =SUMIF('Sales Data'!E:E,A4,'Sales Data'!I:I) -> 6723
A5: Smart Monitor | B5: Electronics | C5: =SUMIF('Sales Data'!E:E,A5,'Sales Data'!G:G) -> 47 | D5: =SUMIF('Sales Data'!E:E,A5,'Sales Data'!I:I) -> 15463
A6: Desk Lamp | B6: Office | C6: =SUMIF('Sales Data'!E:E,A6,'Sales Data'!G:G) -> 40 | D6: =SUMIF('Sales Data'!E:E,A6,'Sales Data'!I:I) -> 2360
A7: Mechanical Keyboard | B7: Electronics | C7: =SUMIF('Sales Data'!E:E,A7,'Sales Data'!G:G) -> 36 | D7: =SUMIF('Sales Data'!E:E,A7,'Sales Data'!I:I) -> 3924
A8: Standing Desk | B8: Furniture | C8: =SUMIF('Sales Data'!E:E,A8,'Sales Data'!G:G) -> 25 | D8: =SUMIF('Sales Data'!E:E,A8,'Sales Data'!I:I) -> 11225
A9: Webcam Pro | B9: Electronics | C9: =SUMIF('Sales Data'!E:E,A9,'Sales Data'!G:G) -> 34 | D9: =SUMIF('Sales Data'!E:E,A9,'Sales Data'!I:I) -> 3026
